Configuration,Filesize,worker,Iterations,Reqs/s,std.dev.,std.dev in %
erimizedtraced,0kb,1,5,30721.240400,225.988081,0.735609
erimizedtraced,1kb,1,5,29278.379600,170.848533,0.583531
erimizedtraced,2kb,1,5,28705.813200,160.813290,0.560212
erimizedtraced,4kb,1,5,28202.340000,114.939873,0.407554
erimizedtraced,8kb,1,5,26795.373600,104.580549,0.390293
erimizedtraced,16kb,1,5,21535.426600,124.560840,0.578400
erimizedtraced,32kb,1,5,17709.920000,56.073180,0.316620
erimizedtraced,64kb,1,5,12361.120200,90.258760,0.730183
erimizedtraced,128kb,1,5,7907.960160,41.660343,0.526815
