Configuration,Filesize,worker,Iterations,Reqs/s,std.dev.,std.dev in %
erimized,0kb,1,5,81773.227200,557.868607,0.682214
erimized,1kb,1,5,74413.246000,922.537991,1.239750
erimized,2kb,1,5,71341.040800,409.134402,0.573491
erimized,4kb,1,5,67421.220800,454.448592,0.674044
erimized,8kb,1,5,59815.032800,733.502666,1.226285
erimized,16kb,1,5,39067.153200,675.934699,1.730187
erimized,32kb,1,5,27791.733600,145.352965,0.523008
erimized,64kb,1,5,16846.779800,134.003484,0.795425
erimized,128kb,1,5,9364.500000,62.350190,0.665814
