Configuration,Filesize,worker,Iterations,Reqs/s,std.dev.,std.dev in %
native,0kb,1,5,83871.073600,1316.977770,1.570241
native,1kb,1,5,76545.287200,799.761490,1.044821
native,2kb,1,5,73183.913200,1076.496866,1.470947
native,4kb,1,5,68711.718800,415.285170,0.604388
native,8kb,1,5,60908.300800,303.497774,0.498286
native,16kb,1,5,40117.579400,541.287784,1.349253
native,32kb,1,5,28254.386600,144.634338,0.511900
native,64kb,1,5,17034.133400,67.663880,0.397225
native,128kb,1,5,9462.986800,86.008405,0.908893
