Configuration,Filesize,worker,Iterations,Reqs/s,std.dev.,std.dev in %
erimizedopen,0kb,1,5,31385.699800,207.884909,0.662355
erimizedopen,1kb,1,5,30085.106400,160.209365,0.532521
erimizedopen,2kb,1,5,29603.647000,102.037467,0.344679
erimizedopen,4kb,1,5,28765.099400,79.500017,0.276377
erimizedopen,8kb,1,5,27367.280600,171.861690,0.627982
erimizedopen,16kb,1,5,22097.106800,230.538450,1.043297
erimizedopen,32kb,1,5,18029.686600,115.044885,0.638086
erimizedopen,64kb,1,5,12671.406400,54.354245,0.428952
erimizedopen,128kb,1,5,8015.099920,64.296950,0.802198
