Configuration,Filesize,worker,Iterations,Reqs/s,std.dev.,std.dev in %
erimized,0kb,1,5,66560.046000,787.925682,1.183782
erimized,1kb,1,5,60457.267600,1103.450839,1.825175
erimized,2kb,1,5,59166.619400,616.268921,1.041582
erimized,4kb,1,5,55758.712600,702.482332,1.259861
erimized,8kb,1,5,51382.653600,470.815152,0.916292
erimized,16kb,1,5,37335.900000,343.257413,0.919376
erimized,32kb,1,5,26778.546800,407.493610,1.521717
erimized,64kb,1,5,16716.579600,186.936366,1.118269
erimized,128kb,1,5,9491.220000,57.051606,0.601099
